{
  "dataset": "Aggressive_Metadata_Creator",
  "rows_after_low_medium_filter": 43242,
  "target_rows": 7863,
  "source_rows": 10718,
  "target_train_rows": 2358,
  "target_val_rows": 1573,
  "target_test_rows": 3932,
  "source_selected_rows": 10718,
  "best_threshold": 0.62,
  "lstm_used": true,
  "medium_predicted_low_count": 215,
  "low_predicted_medium_count": 345,
  "accuracy": 0.8575788402848423,
  "macro_f1": 0.7891491966311673,
  "low_precision": 0.7247119078104993,
  "low_recall": 0.6212952799121844,
  "low_f1": 0.6690307328605201,
  "medium_precision": 0.8905109489051095,
  "medium_recall": 0.9288315127441245,
  "medium_f1": 0.9092676604018146,
  "medium_fbeta": 0.9127344279079191,
  "roc_auc": 0.8713516907443721,
  "pr_auc_medium": 0.9462198856103246,
  "tn_low": 566,
  "fp_low_as_medium": 345,
  "fn_medium_as_low": 215,
  "tp_medium": 2806
}