model,mean_abs_shap,mean_shap
lstm_prob_medium,0.5334175478900965,0.02042929520027987
lgbm_prob_medium,0.49914090526872973,-0.00016068444806496392
xgb_prob_medium,0.3933179462883867,-0.010620303119195682
