model,coefficient,abs_coefficient
lstm_prob_medium,2.2053468562907246,2.2053468562907246
lgbm_prob_medium,2.1004105436903115,2.1004105436903115
xgb_prob_medium,1.83481680056576,1.83481680056576
