{
  "dataset": "Aggressive",
  "data_path": "/kaggle/input/datasets/izharali9001/bugseveritydataset/bugsrepo_curated_frozen_combined_audit_filtered_aggressive_with_initial_priority_with_metadata_creator_exp_PLUS_10K_Firefox_10K_Thunderbird_BALANCED_CLEANED.csv",
  "rows_after_filter": 52099,
  "target_rows": 10413,
  "source_rows": 13987,
  "target_train_rows": 3123,
  "target_val_rows": 2083,
  "target_test_rows": 5207,
  "source_selected_rows": 13987,
  "priority_available": true,
  "strategy_used": "per_category_thresholds",
  "use_blended_submodel": true,
  "best_global_threshold": 0.55,
  "category_thresholds": {
    "EXCLUDE_INITIAL_UNSET": 0.39,
    "EXCLUDE_TRIAGE_ASSIGNED_LATER": 0.1,
    "INITIAL_LOWER_PRIORITY": 0.58,
    "VALID_INITIAL_P1_P2": 0.1,
    "nan": 0.66
  },
  "xgb_probability_blend_enabled": true,
  "xgb_probability_blend_best": {
    "w_v4": 0.35,
    "w_xgb": 0.65,
    "threshold": 0.56,
    "val_accuracy": 0.9265482477196352,
    "val_macro_f1": 0.89078263551546,
    "val_high_precision": 0.8424657534246576,
    "val_high_recall": 0.8145695364238411,
    "val_high_f1": 0.8282828282828283,
    "test_accuracy": 0.9220280391780296,
    "test_macro_f1": 0.8849865490252233,
    "test_high_precision": 0.8241071428571428,
    "test_high_recall": 0.8153710247349824,
    "test_high_f1": 0.8197158081705151,
    "TN": 3878,
    "FP": 197,
    "FN": 209,
    "TP": 923
  },
  "xgb_probability_blend_test_metrics": {
    "title": "STRICT_TARGET_TEST_v4_xgb_probability_blend",
    "accuracy": 0.9220280391780296,
    "macro_f1": 0.8849865490252233,
    "high_precision": 0.8241071428571428,
    "high_recall": 0.8153710247349824,
    "high_f1": 0.8197158081705151,
    "high_fbeta": 0.8197158081705151,
    "roc_auc": 0.9486962648225629,
    "pr_auc": 0.8940878148333794,
    "tn": 3878,
    "fp": 197,
    "fn": 209,
    "tp": 923
  },
  "missed_high_count": 223,
  "false_positive_count": 211,
  "accuracy": 0.9166506625696178,
  "macro_f1": 0.8770545868890317,
  "high_precision": 0.8116071428571429,
  "high_recall": 0.8030035335689046,
  "high_f1": 0.8072824156305506,
  "high_fbeta": 0.8072824156305506,
  "roc_auc": 0.9342788701250839,
  "pr_auc": 0.8642865725876159,
  "tn": 3864,
  "fp": 211,
  "fn": 223,
  "tp": 909
}